Timestamp,Step,Outdoor_Temp,Zone0_Temp_C,Zone0_Alloc_Prop,Zone0_Alloc_Watts,Zone1_Temp_C,Zone1_Alloc_Prop,Zone1_Alloc_Watts,Zone2_Temp_C,Zone2_Alloc_Prop,Zone2_Alloc_Watts,Total_Cooling_Need_W,RL_Action_Disc,XAI_Rule_Check,Forecast_h1,Forecast_h2,Forecast_h3,Forecast_h4,Forecast_h5,Forecast_h6
2016-05-24 16:00:00,1,30.0,22.438948871582785,0.33333715770984806,0.0,21.583889105572364,0.3333322095816125,0.0,21.147471276341864,0.33333063270853935,0.0,0,0,"Rule: OK(Comfort) - Temp(21.7) in band, Minimal Action(OFF).",4183.083913091123,4085.1582688859103,3785.4938016498086,3589.8012686064835,3176.197244144678,2065.037609631866
2016-05-24 17:00:00,2,30.0,35.66745894567994,0.3656270013270353,2193.7620079622116,24.80089090422561,0.32226859977632427,1933.6115986579457,25.6991558130226,0.3121043988966404,1872.6263933798423,6000,3,"Rule: OK(Hot) - Temp(28.7)>ComfortHigh, Cooling(COOL_HIGH).",4084.7026334345337,3830.973063034713,3527.1575580778713,3265.189816932678,2095.4982610584793,985.2648672492801
2016-05-24 18:00:00,3,30.0,20.941099941265033,0.3656270013270353,0.0,20.754180043817325,0.32226859977632427,0.0,18.909387677628587,0.3121043988966404,0.0,0,0,"Rule: OK(Cold) - Temp(20.2)<ComfortLow, No Cooling(OFF).",3868.9289302161333,3671.7039424327013,3290.822141497135,2182.572812386751,1075.753539546728,1056.8144771195948
2016-05-24 19:00:00,4,26.7,34.64471619202026,0.3656270013270353,2193.7620079622116,24.224270297471598,0.32226859977632427,1933.6115986579457,24.550215845398128,0.3121043988966404,1872.6263933798423,6000,3,"Rule: OK(Hot) - Temp(27.8)>ComfortHigh, Cooling(COOL_HIGH).",3681.4124243751166,3274.5828008872268,2057.316211507767,1101.7052617950737,1146.2328715538977,1333.8029667660592
2016-05-24 20:00:00,5,26.1,19.196028679251626,0.3656270013270353,0.0,19.346839471729538,0.32226859977632427,0.0,16.713653329446384,0.3121043988966404,0.0,0,0,"Rule: OK(Cold) - Temp(18.4)<ComfortLow, No Cooling(OFF).",3301.4290630844234,2048.35458425194,1014.5964937791227,1059.677357186526,1354.1689405474065,1421.1025682938098
2016-05-24 21:00:00,6,26.7,32.21611808497434,0.3656270013270353,2193.7620079622116,22.05658691061496,0.32226859977632427,1933.6115986579457,21.525115658769174,0.3121043988966404,1872.6263933798423,6000,3,"Rule: OK(Hot) - Temp(25.3)>ComfortHigh, Cooling(COOL_HIGH).",1997.338257701993,781.9549699079989,1033.637199896127,1147.2518243855236,1323.8373564794658,1412.8212492989003
2016-05-24 22:00:00,7,27.8,17.53776323922097,0.3656270013270353,0.0,17.84037055702834,0.32226859977632427,0.0,15.160691450594097,0.3121043988966404,0.0,0,0,"Rule: OK(Cold) - Temp(16.8)<ComfortLow, No Cooling(OFF).",781.7099180418252,910.6460708127915,1100.1575856608151,1178.0127524058519,1259.865736556947,1298.8176615804432
2016-05-24 23:00:00,8,27.2,31.623068649789673,0.3656270013270353,2193.7620079622116,21.528196097066456,0.32226859977632427,1933.6115986579457,21.55517896921882,0.3121043988966404,1872.6263933798423,6000,3,"Rule: OK(Hot) - Temp(24.9)>ComfortHigh, Cooling(COOL_HIGH).",674.6021250605583,1085.1124326102436,1080.1549125927686,1185.4562657392023,1291.9271503023801,1466.455278252959
2016-05-25 00:00:00,9,26.1,17.291420689849335,0.3656270013270353,0.0,17.625672643961963,0.32226859977632427,0.0,15.419445303583345,0.3121043988966404,0.0,0,0,"Rule: OK(Cold) - Temp(16.8)<ComfortLow, No Cooling(OFF).",957.8280526980012,1158.119145029783,1287.9489571730792,1143.2096007634698,1550.1418743143975,3026.348279572725
2016-05-25 01:00:00,10,24.4,30.915637121710382,0.3656270013270353,1096.8810039811058,20.860432371272076,0.32226859977632427,966.8057993289729,20.86072254664892,0.3121043988966404,936.3131966899211,3000,2,,955.8955646239965,1194.8790634988247,1032.9648168238996,1411.9345087420938,3063.4104873818155,3900.37960124582
2016-05-25 02:00:00,11,22.8,27.79968615563455,0.3656270013270353,0.0,19.448717818601203,0.32226859977632427,0.0,18.263552463163055,0.3121043988966404,0.0,0,0,"Rule: OK(Comfort) - Temp(21.8) in band, Minimal Action(OFF).",960.2107040692865,1096.0610178877412,1443.804459992498,3012.08696542263,3938.856014947891,3657.061967632174
2016-05-25 03:00:00,12,22.8,37.04402683437991,0.3656270013270353,2193.7620079622116,21.12078087557807,0.32226859977632427,1933.6115986579457,20.714854181886896,0.3121043988966404,1872.6263933798423,6000,3,"Rule: OK(Hot) - Temp(26.3)>ComfortHigh, Cooling(COOL_HIGH).",1027.6529276549816,1337.5401335218548,3038.7354752925035,3952.1688223880524,3674.9683653932807,3879.4228864154215
2016-05-25 04:00:00,13,21.7,19.59724636691114,0.3656270013270353,0.0,16.000388220326116,0.32226859977632427,0.0,12.846835989949057,0.3121043988966404,0.0,0,0,"Rule: OK(Cold) - Temp(16.1)<ComfortLow, No Cooling(OFF).",1430.3244688099621,3158.0450397375225,3799.272308273017,3821.596935830712,3927.336061304807,4099.578338403106
2016-05-25 05:00:00,14,21.1,31.094426397251684,0.3656270013270353,0.0,18.38876876406571,0.32226859977632427,0.0,17.39882968314613,0.3121043988966404,0.0,0,0,"Rule: OK(Comfort) - Temp(22.3) in band, Minimal Action(OFF).",2998.71578833878,3714.1047082996365,3721.666093090176,3921.595205573439,4050.092453846931,4109.875548648238
2016-05-25 06:00:00,15,21.7,38.75447383282495,0.3656270013270353,2193.7620079622116,19.865595306972317,0.32226859977632427,1933.6115986579457,19.44365111451111,0.3121043988966404,1872.6263933798423,6000,3,"Rule: OK(Hot) - Temp(26.0)>ComfortHigh, Cooling(COOL_HIGH).",3518.5646407911177,3664.601212213039,3814.269281208217,4011.094487251043,4077.8351429426666,4056.9408232486244
2016-05-25 07:00:00,16,21.1,20.416241162731087,0.3656270013270353,0.0,14.792539335875418,0.32226859977632427,0.0,11.658947384357633,0.3121043988966404,0.0,0,0,"Rule: OK(Cold) - Temp(15.6)<ComfortLow, No Cooling(OFF).",3744.4999454703925,3831.8757797655458,4008.5299968281383,4128.249155152142,4194.145212163328,4192.721445725262
2016-05-25 08:00:00,17,21.1,31.46332694224708,0.3656270013270353,0.0,17.366333709752432,0.32226859977632427,0.0,16.4970318790501,0.3121043988966404,0.0,0,0,"Rule: OK(Comfort) - Temp(21.8) in band, Minimal Action(OFF).",3878.847744150459,4003.0221164849395,4141.617816303074,4239.9875226682425,4311.830490316748,4288.339727851748
2016-05-25 09:00:00,18,21.1,39.00636195824165,0.3656270013270353,2193.7620079622116,19.15503645139271,0.32226859977632427,1933.6115986579457,18.980705252954554,0.3121043988966404,1872.6263933798423,6000,3,"Rule: OK(Hot) - Temp(25.7)>ComfortHigh, Cooling(COOL_HIGH).",4020.305066069066,4169.163759444654,4254.012339124083,4341.00826754868,4396.367849094271,4339.493172745704
2016-05-25 10:00:00,19,20.6,20.3979169175843,0.3656270013270353,0.0,14.115704554474462,0.32226859977632427,0.0,11.12930533589999,0.3121043988966404,0.0,0,0,"Rule: OK(Cold) - Temp(15.2)<ComfortLow, No Cooling(OFF).",4172.661912573278,4325.5060952836275,4357.859483044147,4421.452706655859,4423.942473871111,4335.8918663674585
2016-05-25 11:00:00,20,21.1,31.29221884711039,0.3656270013270353,0.0,16.743439331895512,0.32226859977632427,0.0,15.981814871868227,0.3121043988966404,0.0,0,0,"Rule: OK(Comfort) - Temp(21.3) in band, Minimal Action(OFF).",4252.744812120199,4394.7083397418255,4377.21103267312,4400.776266752481,4349.2338586294645,4213.062260177433
2016-05-25 12:00:00,21,23.3,38.8895280367083,0.3656270013270353,2193.7620079622116,18.722145272231934,0.32226859977632427,1933.6115986579457,18.71621405526585,0.3121043988966404,1872.6263933798423,6000,3,"Rule: OK(Hot) - Temp(25.4)>ComfortHigh, Cooling(COOL_HIGH).",4244.81459156394,4355.593130671978,4300.580244682431,4260.325318000912,4176.97346681416,4006.6448082929846
2016-05-25 13:00:00,22,25.6,21.015964921812273,0.3656270013270353,0.0,14.48593146987822,0.32226859977632427,0.0,12.064137029179374,0.3121043988966404,0.0,0,0,"Rule: OK(Cold) - Temp(15.9)<ComfortLow, No Cooling(OFF).",4179.768416692316,4260.897441146373,4156.236392927467,4054.1863798904415,3965.359355488419,3746.838505117297
2016-05-25 14:00:00,23,27.2,33.30018836937078,0.3656270013270353,1096.8810039811058,18.52589876469192,0.32226859977632427,966.8057993289729,18.89492484443723,0.3121043988966404,936.3131966899211,3000,2,,4089.2919466695184,4141.121925925016,3988.6038081207867,3839.182803738117,3764.5521824169155,3457.0981352746485
2016-05-25 15:00:00,24,28.3,30.316014556735627,0.3656270013270353,0.0,18.68038523059434,0.32226859977632427,0.0,18.616988152146284,0.3121043988966404,0.0,0,0,"Rule: OK(Comfort) - Temp(22.5) in band, Minimal Action(OFF).",4045.570567614138,4060.062844406068,3847.153027627766,3670.183564170599,3574.063856613636,3053.6942060473557
2016-05-25 16:00:00,25,30.6,40.50675295094048,0.3656270013270353,2193.7620079622116,22.26449515225838,0.32226859977632427,1933.6115986579457,23.57281997178123,0.3121043988966404,1872.6263933798423,6000,3,"Rule: OK(Hot) - Temp(28.8)>ComfortHigh, Cooling(COOL_HIGH).",3987.7906586018203,3929.5513402387496,3650.3134807673096,3476.255454882383,3142.344863551855,2119.217847622335
2016-05-25 17:00:00,26,31.1,24.435722447416804,0.3656270013270353,0.0,19.17448778193628,0.32226859977632427,0.0,18.109799112228178,0.3121043988966404,0.0,0,0,,3921.761760332584,3709.5740163016317,3428.2059164288635,3193.2592948186393,2090.500611910969,929.5124227786064
2016-05-25 18:00:00,27,30.6,37.3797828308151,0.3656270013270353,2193.7620079622116,23.46197199414649,0.32226859977632427,1933.6115986579457,24.675045290515488,0.3121043988966404,1872.6263933798423,6000,3,"Rule: OK(Hot) - Temp(28.5)>ComfortHigh, Cooling(COOL_HIGH).",3742.9765480887886,3550.2341979846356,3225.9083046969768,2163.2831547075507,979.9198935624956,934.0483353374152
2016-05-25 19:00:00,28,30.6,22.30060323309783,0.3656270013270353,0.0,20.006694943423515,0.32226859977632427,0.0,18.67563620729893,0.3121043988966404,0.0,0,0,"Rule: OK(Cold) - Temp(20.3)<ComfortLow, No Cooling(OFF).",3595.6633923044797,3223.498795741796,2036.9922538061437,1046.1915793582796,1073.6512260007858,1295.2514524663984
2016-05-25 20:00:00,29,30.0,35.76331087295239,0.3656270013270353,2193.7620079622116,23.88781231238277,0.32226859977632427,1933.6115986579457,24.722202169824016,0.3121043988966404,1872.6263933798423,6000,3,"Rule: OK(Hot) - Temp(28.1)>ComfortHigh, Cooling(COOL_HIGH).",3147.3100571647283,1939.4489056077598,921.7974402834474,988.3136747588217,1262.8969325360654,1330.4530020862817
2016-05-25 21:00:00,30,28.9,21.00654837338523,0.3656270013270353,0.0,20.119620345832544,0.32226859977632427,0.0,18.407859902780267,0.3121043988966404,0.0,0,0,"Rule: OK(Cold) - Temp(19.8)<ComfortLow, No Cooling(OFF).",1881.1154913535713,725.2867887536436,985.202220519632,1110.3600710316002,1249.392411007583,1355.8039195539056
2016-05-25 22:00:00,31,28.9,34.34049333255078,0.3656270013270353,2193.7620079622116,23.44773605399605,0.32226859977632427,1933.6115986579457,23.757446844001237,0.3121043988966404,1872.6263933798423,6000,3,"Rule: OK(Hot) - Temp(27.2)>ComfortHigh, Cooling(COOL_HIGH).",783.9660808856785,923.3280709721893,1133.7713300164044,1193.2235796390473,1262.2098312562703,1275.5334572079776
2016-05-25 23:00:00,32,27.8,19.68612607743984,0.3656270013270353,0.0,19.478245719280338,0.32226859977632427,0.0,17.377288949872113,0.3121043988966404,0.0,0,0,"Rule: OK(Cold) - Temp(18.8)<ComfortLow, No Cooling(OFF).",662.1434139475971,1058.912639376223,1090.8356768111883,1188.8947912576793,1283.5255697140096,1461.4377532353997
2016-05-26 00:00:00,33,26.1,33.08998729595379,0.3656270013270353,2193.7620079622116,22.66646565850449,0.32226859977632427,1933.6115986579457,22.693088858072457,0.3121043988966404,1872.6263933798423,6000,3,"Rule: OK(Hot) - Temp(26.1)>ComfortHigh, Cooling(COOL_HIGH).",845.0623668733239,1052.6102274176478,1198.5603765438495,1079.7352549821137,1498.1385472808777,2952.708935821056
2016-05-26 01:00:00,34,24.4,17.944132456343254,0.3656270013270353,0.0,18.08119663675219,0.32226859977632427,0.0,15.468296095718294,0.3121043988966404,0.0,0,0,"Rule: OK(Cold) - Temp(17.2)<ComfortLow, No Cooling(OFF).",878.953304138109,1138.7756463861465,967.2121679890155,1392.1898445947468,3033.5030896037815,3847.0624540427325
2016-05-26 02:00:00,35,22.8,30.822086785576722,0.3656270013270353,1096.8810039811058,20.658450905583905,0.32226859977632427,966.8057993289729,20.058510535288292,0.3121043988966404,936.3131966899211,3000,2,,900.825881448835,1046.7128177604823,1378.8463427729903,3006.0997998586295,3881.3634254747626,3587.4365432572363
2016-05-26 03:00:00,36,22.2,27.228301556218046,0.3656270013270353,0.0,18.820294884184992,0.32226859977632427,0.0,17.073103968015463,0.3121043988966404,0.0,0,0,"Rule: OK(Comfort) - Temp(21.0) in band, Minimal Action(OFF).",931.0147492220252,1256.140646279156,2959.619448765814,3908.26277385652,3590.539191731214,3762.2108552438017
2016-05-26 04:00:00,37,21.7,36.463565649675274,0.3656270013270353,2193.7620079622116,20.50102786763317,0.32226859977632427,1933.6115986579457,19.81174223589488,0.3121043988966404,1872.6263933798423,6000,3,"Rule: OK(Hot) - Temp(25.6)>ComfortHigh, Cooling(COOL_HIGH).",1301.901943744123,3058.370822154581,3715.405445618033,3733.787354700565,3806.795702476501,3950.590577668845
2016-05-26 05:00:00,38,21.7,18.85199146024678,0.3656270013270353,0.0,15.2341441411845,0.32226859977632427,0.0,11.847910210111177,0.3121043988966404,0.0,0,0,"Rule: OK(Cold) - Temp(15.3)<ComfortLow, No Cooling(OFF).",2887.880640740096,3648.2401004499193,3644.593758872449,3819.7094829559323,3935.0780900788304,3990.4892482492323
2016-05-26 06:00:00,39,21.1,30.585560623145483,0.3656270013270353,0.0,17.85625424035818,0.32226859977632427,0.0,16.886022318038755,0.3121043988966404,0.0,0,0,"Rule: OK(Comfort) - Temp(21.8) in band, Minimal Action(OFF).",3366.1333226725455,3540.179020486176,3661.755943676531,3849.9177863109107,3913.9080241370198,3890.4768892821667
2016-05-26 07:00:00,40,20.6,38.40701637398621,0.3656270013270353,2193.7620079622116,19.495515164523287,0.32226859977632427,1933.6115986579457,19.180396927847664,0.3121043988966404,1872.6263933798423,6000,3,"Rule: OK(Hot) - Temp(25.7)>ComfortHigh, Cooling(COOL_HIGH).",3553.230674089491,3653.646588696539,3805.8778901481624,3929.33975028038,3997.2447797262666,3979.4641786110396
2016-05-26 08:00:00,41,20.0,19.830082989643525,0.3656270013270353,0.0,14.199809715992227,0.32226859977632427,0.0,10.988498232340937,0.3121043988966404,0.0,0,0,"Rule: OK(Cold) - Temp(15.0)<ComfortLow, No Cooling(OFF).",3644.3534872788186,3779.7738281616566,3898.399562039673,4009.4088121962545,4085.763853939175,4071.3181219062208
2016-05-26 09:00:00,42,19.4,30.714182088159866,0.3656270013270353,0.0,16.618869999705172,0.32226859977632427,0.0,15.617545597866833,0.3121043988966404,0.0,0,0,,3696.265234354138,3854.6610746404526,3926.151308493912,4031.878105896711,4094.209337556958,4058.8677762702105
2016-05-26 10:00:00,43,19.4,37.955613154793234,0.3656270013270353,2193.7620079622116,18.117017956459026,0.32226859977632427,1933.6115986579457,17.701923211959624,0.3121043988966404,1872.6263933798423,6000,3,"Rule: OK(Hot) - Temp(24.6)>ComfortHigh, Cooling(COOL_HIGH).",3851.696047697067,4014.65025524348,4040.349503623545,4132.139542222619,4154.307427159548,4084.8349715059994
2016-05-26 11:00:00,44,20.0,19.14123062108118,0.3656270013270353,0.0,12.87576000608524,0.32226859977632427,0.0,9.645541292617766,0.3121043988966404,0.0,0,0,"Rule: OK(Cold) - Temp(13.9)<ComfortLow, No Cooling(OFF).",3961.8971802005167,4109.78145275712,4096.816598839461,4145.669977860152,4122.9654444319,4002.002912060022
2016-05-26 12:00:00,45,22.8,30.24382840026226,0.3656270013270353,0.0,15.698698842981752,0.32226859977632427,0.0,14.928126800582543,0.3121043988966404,0.0,0,0,"Rule: OK(Cold) - Temp(20.3)<ComfortLow, No Cooling(OFF).",4028.512039246261,4145.1192401444905,4096.20723988682,4081.590172822177,4012.2744597893948,3857.0902078723902
2016-05-26 13:00:00,46,25.0,38.71290593093619,0.3656270013270353,2193.7620079622116,18.514640582874915,0.32226859977632427,1933.6115986579457,19.002583981174862,0.3121043988966404,1872.6263933798423,6000,3,"Rule: OK(Hot) - Temp(25.4)>ComfortHigh, Cooling(COOL_HIGH).",4081.791950642168,4160.369567524493,4067.307221648991,3984.8895363545416,3885.1956944948433,3682.470374166965
2016-05-26 14:00:00,47,26.7,21.434592934833038,0.3656270013270353,0.0,14.860278223381684,0.32226859977632427,0.0,13.038437554641042,0.3121043988966404,0.0,0,0,"Rule: OK(Cold) - Temp(16.4)<ComfortLow, No Cooling(OFF).",4012.0291563299293,4054.0985738316176,3913.3643310335274,3777.9414742177723,3682.0024106442925,3389.1347361850735
2016-05-26 15:00:00,48,27.2,33.93494234347024,0.3656270013270353,1096.8810039811058,19.12159353943287,0.32226859977632427,966.8057993289729,19.930395909821243,0.3121043988966404,936.3131966899211,3000,2,,4015.7107209682463,4019.016405228674,3820.150274403095,3642.192804089188,3526.985216673016,3031.8418190982934
2016-05-26 16:00:00,49,28.3,30.74942944539812,0.3656270013270353,0.0,19.094373576972952,0.32226859977632427,0.0,19.148556362119482,0.3121043988966404,0.0,0,0,"Rule: OK(Comfort) - Temp(23.0) in band, Minimal Action(OFF).",3986.9168750995395,3920.774256662428,3658.146837906241,3466.8101395231483,3171.9880883735414,2214.2582199576495
2016-05-26 17:00:00,50,28.9,40.802691965707304,0.3656270013270353,2193.7620079622116,22.55220348579518,0.32226859977632427,1933.6115986579457,23.845705203730535,0.3121043988966404,1872.6263933798423,6000,3,"Rule: OK(Hot) - Temp(29.1)>ComfortHigh, Cooling(COOL_HIGH).",4027.6083161422607,3804.365814464688,3515.2989598640797,3262.9174263215064,2292.624246881604,1103.7300846071541
2016-05-26 18:00:00,51,29.4,24.098564936256015,0.3656270013270353,0.0,18.855879932709698,0.32226859977632427,0.0,17.422597157764024,0.3121043988966404,0.0,0,0,"Rule: OK(Cold) - Temp(20.1)<ComfortLow, No Cooling(OFF).",3844.611935380995,3607.808052091002,3294.881599259674,2300.1129212108253,1124.074547162056,947.0121828819066
2016-05-26 19:00:00,52,30.0,36.61034214933338,0.3656270013270353,2193.7620079622116,22.721994268049734,0.32226859977632427,1933.6115986579457,23.494974105648705,0.3121043988966404,1872.6263933798423,6000,3,"Rule: OK(Hot) - Temp(27.6)>ComfortHigh, Cooling(COOL_HIGH).",3622.49304934442,3266.4465254250167,2172.367433693111,1114.0784940871595,1054.9557687783986,1246.8329524505136
2016-05-26 20:00:00,53,30.0,21.584907834414444,0.3656270013270353,0.0,19.309415011126244,0.32226859977632427,0.0,17.777851545124605,0.3121043988966404,0.0,0,0,"Rule: OK(Cold) - Temp(19.6)<ComfortLow, No Cooling(OFF).",3321.3280797162647,2176.2170626503225,1066.2464580343662,1020.014932707101,1310.3525850243866,1352.5056572955846
2016-05-26 21:00:00,54,30.0,35.08431316614754,0.3656270013270353,2193.7620079622116,23.220205947487116,0.32226859977632427,1933.6115986579457,23.969331785395866,0.3121043988966404,1872.6263933798423,6000,3,"Rule: OK(Hot) - Temp(27.4)>ComfortHigh, Cooling(COOL_HIGH).",2103.328473281264,858.0572232910245,1052.2446623647213,1172.6782198406754,1314.3202112354336,1374.6848639306425
2016-05-26 22:00:00,55,28.9,20.54292352422312,0.3656270013270353,0.0,19.655655800977875,0.32226859977632427,0.0,18.021367246470373,0.3121043988966404,0.0,0,0,"Rule: OK(Cold) - Temp(19.4)<ComfortLow, No Cooling(OFF).",805.9467175152153,923.2946090643852,1126.4192708446085,1196.2364093078672,1259.0654182958601,1251.668701314777
2016-05-26 23:00:00,56,27.2,34.02392672473105,0.3656270013270353,2193.7620079622116,23.125295900334773,0.32226859977632427,1933.6115986579457,23.55903742789047,0.3121043988966404,1872.6263933798423,6000,3,"Rule: OK(Hot) - Temp(26.9)>ComfortHigh, Cooling(COOL_HIGH).",671.4926835677027,1063.2887272964417,1103.0974532750247,1190.3384335657954,1283.7737664963304,1466.084052350968
2016-05-27 00:00:00,57,26.1,18.930745022905214,0.3656270013270353,0.0,18.73560466719347,0.32226859977632427,0.0,16.44814372841157,0.3121043988966404,0.0,0,0,"Rule: OK(Cold) - Temp(18.0)<ComfortLow, No Cooling(OFF).",896.9475079580395,1092.0478532908855,1250.5813151077925,1091.420882807821,1546.045809727907,3056.059434583187
2016-05-27 01:00:00,58,24.4,32.034980366943536,0.3656270013270353,2193.7620079622116,21.63179875280548,0.32226859977632427,1933.6115986579457,21.38881396182081,0.3121043988966404,1872.6263933798423,6000,3,"Rule: OK(Hot) - Temp(25.0)>ComfortHigh, Cooling(COOL_HIGH).",923.3629795414208,1182.4509838691354,974.9362078426777,1432.8031659203766,3156.239857869148,3928.6131488537785
2016-05-27 02:00:00,59,22.8,16.68453867900252,0.3656270013270353,0.0,16.843581333043026,0.32226859977632427,0.0,13.971445070202634,0.3121043988966404,0.0,0,0,"Rule: OK(Cold) - Temp(15.8)<ComfortLow, No Cooling(OFF).",932.7882932339608,1066.100156535208,1397.3331662581859,3121.3534288471933,3993.533778672814,3617.224937408268
2016-05-27 03:00:00,60,23.3,29.45451876885528,0.3656270013270353,0.0,19.310296393460817,0.32226859977632427,0.0,18.51146297168194,0.3121043988966404,0.0,0,0,"Rule: OK(Comfort) - Temp(22.4) in band, Minimal Action(OFF).",948.7996274232119,1285.5627205973863,3052.054824158251,4004.4899117490645,3630.9345074695348,3770.0882412087913
2016-05-27 04:00:00,61,23.3,38.33255541223242,0.3656270013270353,2193.7620079622116,21.177098907406567,0.32226859977632427,1933.6115986579457,21.085441816617205,0.3121043988966404,1872.6263933798423,6000,3,"Rule: OK(Hot) - Temp(26.9)>ComfortHigh, Cooling(COOL_HIGH).",1371.3037016826868,3185.84660166353,3833.491008698642,3781.4974938035007,3807.635017697811,3902.4663160076734
2016-05-27 05:00:00,62,23.3,20.635659736062554,0.3656270013270353,0.0,16.192043792760494,0.32226859977632427,0.0,13.28040101010798,0.3121043988966404,0.0,0,0,"Rule: OK(Cold) - Temp(16.7)<ComfortLow, No Cooling(OFF).",3064.8981585159895,3759.4486124935743,3720.2556610965726,3838.230774722099,3909.0869934803245,3900.622388772368
2016-05-27 06:00:00,63,22.8,32.31097073251339,0.3656270013270353,1096.8810039811058,19.010015541069965,0.32226859977632427,966.8057993289729,18.400029991863306,0.3121043988966404,936.3131966899211,3000,2,,3578.174639407694,3660.9322272393106,3755.1876285043354,3877.1864736449716,3887.91491479218,3841.9251706182954
2016-05-27 07:00:00,64,22.8,28.244922950370697,0.3656270013270353,0.0,17.6746863282531,0.32226859977632427,0.0,16.221708344114717,0.3121043988966404,0.0,0,0,,3763.309059962332,3786.5955286744233,3904.5384383586047,3959.159090406298,3973.4571371769903,3941.1241284731027
2016-05-27 08:00:00,65,22.8,37.348037937410474,0.3656270013270353,2193.7620079622116,19.887887128218644,0.32226859977632427,1933.6115986579457,19.666655483061543,0.3121043988966404,1872.6263933798423,6000,3,"Rule: OK(Hot) - Temp(25.6)>ComfortHigh, Cooling(COOL_HIGH).",3883.697708035707,3947.610706721246,4033.2384708252544,4072.241217693686,4109.117749653458,4083.6995309802887
2016-05-27 09:00:00,66,22.2,19.80482748297912,0.3656270013270353,0.0,15.143567470216595,0.32226859977632427,0.0,12.308733937020918,0.3121043988966404,0.0,0,0,"Rule: OK(Cold) - Temp(15.8)<ComfortLow, No Cooling(OFF).",3968.8632952627536,4067.8672683164473,4105.0069668594,4155.4785939326875,4184.111168501377,4158.881896390319
2016-05-27 10:00:00,67,21.7,31.394760537416758,0.3656270013270353,0.0,17.9458228083717,0.32226859977632427,0.0,17.365910832497352,0.3121043988966404,0.0,0,0,"Rule: OK(Comfort) - Temp(22.2) in band, Minimal Action(OFF).",4004.5746986883873,4110.0015968874095,4116.740271613896,4164.775720843077,4167.393297450542,4105.92779830724
2016-05-27 11:00:00,68,21.7,39.14985968218404,0.3656270013270353,2193.7620079622116,19.740782047114887,0.32226859977632427,1933.6115986579457,19.71873663670009,0.3121043988966404,1872.6263933798423,6000,3,"Rule: OK(Hot) - Temp(26.2)>ComfortHigh, Cooling(COOL_HIGH).",4004.5140647050735,4097.803850916325,4085.2498488441106,4099.80779148519,4065.0617515200374,3957.219809313416
2016-05-27 12:00:00,69,23.9,20.686213657384332,0.3656270013270353,0.0,14.705798210645685,0.32226859977632427,0.0,11.80016496494286,0.3121043988966404,0.0,0,0,"Rule: OK(Cold) - Temp(15.7)<ComfortLow, No Cooling(OFF).",3992.28059248656,4063.999273048937,4030.7386398783324,4001.719114826917,3927.7617571544642,3783.4780361962316
2016-05-27 13:00:00,70,25.6,32.53580473004099,0.3656270013270353,0.0,18.160143231790457,0.32226859977632427,0.0,17.93212245893765,0.3121043988966404,0.0,0,0,"Rule: OK(Comfort) - Temp(22.9) in band, Minimal Action(OFF).",3966.7715486350653,4026.944613038599,3955.1952380946277,3884.444940112233,3794.5969501322506,3605.031720116436
2016-05-27 14:00:00,71,26.1,41.166023467097745,0.3656270013270353,2193.7620079622116,21.07935552821712,0.32226859977632427,1933.6115986579457,21.907306952756798,0.3121043988966404,1872.6263933798423,6000,3,"Rule: OK(Hot) - Temp(28.1)>ComfortHigh, Cooling(COOL_HIGH).",4004.394054704904,4036.829965065121,3929.3319508883355,3811.450681560635,3711.578711650371,3421.5288820588585
2016-05-27 15:00:00,72,27.2,23.458511980971746,0.3656270013270353,0.0,16.978207108861596,0.32226859977632427,0.0,15.064908019699903,0.3121043988966404,0.0,0,0,"Rule: OK(Cold) - Temp(18.5)<ComfortLow, No Cooling(OFF).",4016.5462622901796,4010.749552848041,3858.243763115108,3699.1489966642853,3573.2597644531725,3110.1212979298825
2016-05-27 16:00:00,73,30.0,35.47548597244068,0.3656270013270353,2193.7620079622116,20.746001092192248,0.32226859977632427,1933.6115986579457,21.21402299493672,0.3121043988966404,1872.6263933798423,6000,3,"Rule: OK(Hot) - Temp(25.8)>ComfortHigh, Cooling(COOL_HIGH).",4017.7710184344646,3947.7626690694688,3735.650654619336,3549.2097101005907,3251.3642623639103,2389.70101532042
2016-05-27 17:00:00,74,30.0,20.8100193207132,0.3656270013270353,0.0,17.93616451101164,0.32226859977632427,0.0,16.60690516188802,0.3121043988966404,0.0,0,0,"Rule: OK(Cold) - Temp(18.5)<ComfortLow, No Cooling(OFF).",3978.799720727503,3775.934514529407,3531.2235572659965,3301.0720522034167,2356.5822807663676,1229.7283825102447
2016-05-27 18:00:00,75,29.4,34.555213337559394,0.3656270013270353,2193.7620079622116,22.265841853974162,0.32226859977632427,1933.6115986579457,23.36821612536453,0.3121043988966404,1872.6263933798423,6000,3,"Rule: OK(Hot) - Temp(26.7)>ComfortHigh, Cooling(COOL_HIGH).",3844.5789766597745,3612.480894298851,3335.5322821891305,2415.49536596477,1188.8442210060357,1009.0323823352157
2016-05-27 19:00:00,76,30.6,19.991334705802906,0.3656270013270353,0.0,18.809384369180975,0.32226859977632427,0.0,17.42079451254702,0.3121043988966404,0.0,0,0,"Rule: OK(Cold) - Temp(18.7)<ComfortLow, No Cooling(OFF).",3594.5840570828314,3277.8477270343897,2227.3627081522345,1161.0188835139572,1035.4694280433655,1276.721606528312
2016-05-27 20:00:00,77,29.4,34.186524586471414,0.3656270013270353,2193.7620079622116,23.055720701460295,0.32226859977632427,1933.6115986579457,24.078018111207534,0.3121043988966404,1872.6263933798423,6000,3,"Rule: OK(Hot) - Temp(27.1)>ComfortHigh, Cooling(COOL_HIGH).",3309.7291257795687,2224.2590533050893,1087.9868859685957,1034.8010704638064,1320.0827039898932,1390.8664638800917
2016-05-27 21:00:00,78,28.3,19.73959119489285,0.3656270013270353,0.0,19.358324282331015,0.32226859977632427,0.0,17.785177626342726,0.3121043988966404,0.0,0,0,"Rule: OK(Cold) - Temp(19.0)<ComfortLow, No Cooling(OFF).",2165.004807603061,908.9175620000808,1074.8162287382781,1237.6978516200184,1369.053199687898,1458.1290498554706
2016-05-27 22:00:00,79,27.8,33.28508984859618,0.3656270013270353,2193.7620079622116,22.735640575845487,0.32226859977632427,1933.6115986579457,23.14580269720941,0.3121043988966404,1872.6263933798423,6000,3,"Rule: OK(Hot) - Temp(26.4)>ComfortHigh, Cooling(COOL_HIGH).",848.3778632721304,981.8471610756962,1190.7325544573366,1300.8583347699046,1353.9347071927784,1393.025260120034
2016-05-27 23:00:00,80,26.7,18.616576921113527,0.3656270013270353,0.0,18.647826649586587,0.32226859977632427,0.0,16.52799073710509,0.3121043988966404,0.0,0,0,"Rule: OK(Cold) - Temp(17.9)<ComfortLow, No Cooling(OFF).",701.1727668066322,1142.432051695287,1216.3616083090005,1318.9682715040444,1383.0391449801623,1690.2392086943983
2016-05-28 00:00:00,81,26.1,32.01077936588803,0.3656270013270353,2193.7620079622116,21.753815570380457,0.32226859977632427,1933.6115986579457,21.721788833119167,0.3121043988966404,1872.6263933798423,6000,3,"Rule: OK(Hot) - Temp(25.2)>ComfortHigh, Cooling(COOL_HIGH).",1010.9622286796568,1223.0380136957763,1430.5919124791026,1201.1827334238587,1708.515574391037,3328.571953772604
2016-05-28 01:00:00,82,25.0,17.20724099297474,0.3656270013270353,0.0,17.446934734809084,0.32226859977632427,0.0,14.96967065569225,0.3121043988966404,0.0,0,0,"Rule: OK(Cold) - Temp(16.5)<ComfortLow, No Cooling(OFF).",1046.3579454224555,1322.9162734383344,1115.011024623066,1566.6357015389203,3328.8962575256824,4122.243874871135
2016-05-28 02:00:00,83,24.4,30.509247026563393,0.3656270013270353,1096.8810039811058,20.400679332875793,0.32226859977632427,966.8057993289729,20.094521469723162,0.3121043988966404,936.3131966899211,3000,2,,1054.216776382178,1200.3239197224377,1573.6126351127027,3290.821135123968,4117.899865095615,3723.3095004719494
2016-05-28 03:00:00,84,23.9,27.52219987744061,0.3656270013270353,0.0,19.12920452390932,0.32226859977632427,0.0,17.870216378209378,0.3121043988966404,0.0,0,0,"Rule: OK(Comfort) - Temp(21.5) in band, Minimal Action(OFF).",1099.6913832911848,1472.2329924015698,3286.572982392609,4129.119164755046,3697.4039455926413,3821.693296061456
2016-05-28 04:00:00,85,23.3,37.20346862402046,0.3656270013270353,2193.7620079622116,21.234265655954886,0.32226859977632427,1933.6115986579457,21.048236923226156,0.3121043988966404,1872.6263933798423,6000,3,"Rule: OK(Hot) - Temp(26.5)>ComfortHigh, Cooling(COOL_HIGH).",1595.4574742630123,3369.3195001193876,3968.0264959743618,3815.837965382337,3803.6447480905053,3828.957045987844
2016-05-28 05:00:00,86,22.8,19.864710605263568,0.3656270013270353,0.0,16.231772809537,0.32226859977632427,0.0,13.261301549733595,0.3121043988966404,0.0,0,0,"Rule: OK(Cold) - Temp(16.5)<ComfortLow, No Cooling(OFF).",3196.939853083789,3792.0983771517867,3732.609646501839,3753.6144156509636,3818.940110669732,3724.5624350649114
2016-05-28 06:00:00,87,22.8,31.62596458501341,0.3656270013270353,0.0,18.885109519769088,0.32226859977632427,0.0,18.14690452807174,0.3121043988966404,0.0,0,0,"Rule: OK(Comfort) - Temp(22.9) in band, Minimal Action(OFF).",3526.440265603065,3544.355720722675,3599.5620819535848,3657.1535475903747,3676.6932890015837,3602.112986338734
2016-05-28 07:00:00,88,22.2,39.65663913320592,0.3656270013270353,2193.7620079622116,20.729091578420416,0.32226859977632427,1933.6115986579457,20.65497193493047,0.3121043988966404,1872.6263933798423,6000,3,"Rule: OK(Hot) - Temp(27.0)>ComfortHigh, Cooling(COOL_HIGH).",3656.100126477778,3622.9255382129545,3706.411237030923,3726.5535443758963,3746.633204991221,3758.6930778384203
2016-05-28 08:00:00,89,21.7,21.190842718610792,0.3656270013270353,0.0,15.545157332058164,0.32226859977632427,0.0,12.5241102052876,0.3121043988966404,0.0,0,0,"Rule: OK(Cold) - Temp(16.4)<ComfortLow, No Cooling(OFF).",3725.3594826132057,3739.875912361145,3799.7415297621487,3831.0248912528155,3863.604461382627,3898.6227252894637
2016-05-28 09:00:00,90,21.7,32.18254622560684,0.3656270013270353,0.0,18.072398215513434,0.32226859977632427,0.0,17.23315555337113,0.3121043988966404,0.0,0,0,"Rule: OK(Comfort) - Temp(22.5) in band, Minimal Action(OFF).",3789.3182712778444,3837.4717177608604,3876.9301000806686,3934.7724042293426,3979.3992675417658,4007.372416092753
2016-05-28 10:00:00,91,21.7,39.68776580056828,0.3656270013270353,2193.7620079622116,19.828747806958244,0.32226859977632427,1933.6115986579457,19.65058554252785,0.3121043988966404,1872.6263933798423,6000,3,"Rule: OK(Hot) - Temp(26.4)>ComfortHigh, Cooling(COOL_HIGH).",3913.549000509679,3986.6132019963857,3992.426013409197,4053.810247919261,4083.316354396939,4073.519814802408
2016-05-28 11:00:00,92,21.7,21.053500086336808,0.3656270013270353,0.0,14.76693153092926,0.32226859977632427,0.0,11.765178999281503,0.3121043988966404,0.0,0,0,"Rule: OK(Cold) - Temp(15.9)<ComfortLow, No Cooling(OFF).",3944.693230910003,4032.019752919972,4007.593063409626,4052.833311167359,4054.8465606880186,3979.1549704554673
2016-05-28 12:00:00,93,23.9,32.0887676214475,0.3656270013270353,0.0,17.53155678768887,0.32226859977632427,0.0,16.843551520814366,0.3121043988966404,0.0,0,0,"Rule: OK(Comfort) - Temp(22.2) in band, Minimal Action(OFF).",3967.865979454219,4051.8470654636617,3999.5103773185606,4012.8682199579475,3980.517348130345,3871.4675065299866
2016-05-28 13:00:00,94,25.6,40.32155615257267,0.3656270013270353,2193.7620079622116,20.123952837278466,0.32226859977632427,1933.6115986579457,20.521189457843374,0.3121043988966404,1872.6263933798423,6000,3,"Rule: OK(Hot) - Temp(27.0)>ComfortHigh, Cooling(COOL_HIGH).",3933.6125591543314,4013.388766478598,3930.1848521474,3905.7186624902483,3860.708119407892,3711.471532908082
2016-05-28 14:00:00,95,27.2,22.72330705297651,0.3656270013270353,0.0,16.161717163083487,0.32226859977632427,0.0,14.110011783248934,0.3121043988966404,0.0,0,0,"Rule: OK(Cold) - Temp(17.7)<ComfortLow, No Cooling(OFF).",4011.3219275867937,4070.1316079422827,3945.116410826742,3861.9421845039724,3815.607002740502,3572.077275981903
2016-05-28 15:00:00,96,28.3,34.973482400957344,0.3656270013270353,2193.7620079622116,20.178567337826287,0.32226859977632427,1933.6115986579457,20.72381858451011,0.3121043988966404,1872.6263933798423,6000,3,"Rule: OK(Hot) - Temp(25.3)>ComfortHigh, Cooling(COOL_HIGH).",4030.647563106715,4058.0485885122416,3893.6987929764387,3764.1622128146882,3705.6954541158675,3271.698283797204
2016-05-28 16:00:00,97,30.0,19.928020483163984,0.3656270013270353,0.0,17.023260935347693,0.32226859977632427,0.0,15.527964404856338,0.3121043988966404,0.0,0,0,"Rule: OK(Cold) - Temp(17.5)<ComfortLow, No Cooling(OFF).",4010.5548196402187,3988.8956563392276,3768.0712177887553,3637.2077346062656,3393.8244351434705,2552.309785277247
2016-05-28 17:00:00,98,31.1,33.95297775720059,0.3656270013270353,2193.7620079622116,21.63140378649809,0.32226859977632427,1933.6115986579457,22.814332365541887,0.3121043988966404,1872.6263933798423,6000,3,"Rule: OK(Hot) - Temp(26.1)>ComfortHigh, Cooling(COOL_HIGH).",4072.4195973375436,3910.804872476458,3635.6000534719224,3504.832678926885,2554.8569157630204,1310.7467059159278
2016-05-28 18:00:00,99,31.7,20.119350569505578,0.3656270013270353,0.0,18.88702641632168,0.32226859977632427,0.0,17.963743392772603,0.3121043988966404,0.0,0,0,"Rule: OK(Cold) - Temp(19.0)<ComfortLow, No Cooling(OFF).",3979.4284523636097,3758.4545673978323,3503.1887683585283,2659.5549481958146,1286.354862076491,979.609867728725
2016-05-28 19:00:00,100,32.8,34.622846353006736,0.3681610762954845,2208.9664577729072,23.44521542886444,0.3217940979618167,1930.7645877709,24.892051002612146,0.31004482574269887,1860.2689544561931,6000,3,"Rule: OK(Hot) - Temp(27.7)>ComfortHigh, Cooling(COOL_HIGH).",3821.2791735032197,3539.5671456006166,2550.5184410399197,1283.9023306684194,1040.4165698375552,1376.362110610157
2016-05-28 20:00:00,101,32.2,20.951301661113057,0.3681610762954845,0.0,20.675371889461864,0.3217940979618167,0.0,19.91787369460463,0.31004482574269887,0.0,0,0,,3535.1577215692396,2479.0050606036184,1180.390309012979,1019.9891443946957,1332.115907948166,1475.68699090749
2016-05-28 21:00:00,102,31.7,35.34950510786457,0.36832943240895616,2209.976594453737,24.840573311131614,0.3243514972016419,1946.1089832098514,26.13854162649643,0.30731907038940187,1843.9144223364112,6000,3,"Rule: OK(Hot) - Temp(28.8)>ComfortHigh, Cooling(COOL_HIGH).",2496.251025973856,1023.1868951329589,1127.3397249025106,1317.3281348350642,1450.6974872034787,1588.0626442316172
2016-05-28 22:00:00,103,30.0,21.08761830331462,0.36832943240895616,0.0,21.259708965946295,0.3243514972016419,0.0,20.102170669617145,0.30731907038940187,0.0,0,0,,951.0030185741185,995.8621024948358,1262.9629757751522,1351.3885830801723,1385.9749871017038,1474.3112787881491
2016-05-28 23:00:00,104,28.9,34.74476005494341,0.36832943240895616,2209.976594453737,24.57559633119373,0.3243514972016419,1946.1089832098514,25.162541521251455,0.30731907038940187,1843.9144223364112,6000,3,"Rule: OK(Hot) - Temp(28.2)>ComfortHigh, Cooling(COOL_HIGH).",678.3032510773091,1152.5632103678583,1224.0915606050191,1361.6153472036121,1432.8371310147643,1570.4689769321678
2016-05-29 00:00:00,105,27.8,19.786555241557213,0.36832943240895616,0.0,20.22146688729724,0.3243514972016419,0.0,18.238537113315548,0.30731907038940187,0.0,0,0,"Rule: OK(Cold) - Temp(19.4)<ComfortLow, No Cooling(OFF).",1014.598380728811,1246.105596244037,1486.9130835857986,1293.6159702733157,1610.8542289388179,3255.011358721256
2016-05-29 01:00:00,106,26.7,33.158561100546585,0.36832943240895616,2209.976594453737,23.18298001348553,0.3243514972016419,1946.1089832098514,23.13521820372882,0.30731907038940187,1843.9144223364112,6000,3,"Rule: OK(Hot) - Temp(26.5)>ComfortHigh, Cooling(COOL_HIGH).",1042.3148412238806,1353.9077867105602,1147.7639425309,1473.8713679175078,3306.2825492757556,4272.1285656905175
2016-05-29 02:00:00,107,25.0,18.005663309716134,0.36832943240895616,0.0,18.582572086970032,0.3243514972016419,0.0,16.12718221222477,0.30731907038940187,0.0,0,0,"Rule: OK(Cold) - Temp(17.6)<ComfortLow, No Cooling(OFF).",1068.2398316849767,1307.9528882075845,1468.60313018471,3260.6060387501116,4351.490147269964,3931.8971960911153
2016-05-29 03:00:00,108,23.9,31.054415916615746,0.36832943240895616,1104.9882972268686,21.189910075601965,0.3243514972016419,973.0544916049257,20.68874024289679,0.30731907038940187,921.9572111682056,3000,2,,1163.573436001837,1396.6260633116958,3304.9845794835683,4317.819920220375,3899.7171561086175,3968.221983962059
2016-05-29 04:00:00,109,23.3,27.648045593429643,0.36832943240895616,0.0,19.504875258286994,0.3243514972016419,0.0,18.001908447556012,0.30731907038940187,0.0,0,0,"Rule: OK(Comfort) - Temp(21.7) in band, Minimal Action(OFF).",1461.6890949338674,3377.825366127193,4205.47470968455,3975.5531608906385,3957.7536902785296,3987.674422501027
2016-05-29 05:00:00,110,22.8,37.09908165366372,0.36832943240895616,2209.976594453737,21.312324841736185,0.3243514972016419,1946.1089832098514,20.82385750457956,0.30731907038940187,1843.9144223364112,6000,3,"Rule: OK(Hot) - Temp(26.4)>ComfortHigh, Cooling(COOL_HIGH).",3352.2526691728826,4005.2014175781605,3931.7386923173067,3925.922107005119,4014.2635563540457,3924.633446164727
2016-05-29 06:00:00,111,23.3,19.45923096150808,0.36832943240895616,0.0,16.09290023706137,0.3243514972016419,0.0,13.042724217865576,0.30731907038940187,0.0,0,0,"Rule: OK(Cold) - Temp(16.2)<ComfortLow, No Cooling(OFF).",3805.488172139227,3811.544022671878,3849.848598155677,3890.5460774374005,3921.0250951743124,3848.711396476924
2016-05-29 07:00:00,112,23.3,31.507696129835615,0.36832943240895616,0.0,18.941114018984557,0.3243514972016419,0.0,18.278016512947204,0.30731907038940187,0.0,0,0,"Rule: OK(Comfort) - Temp(22.9) in band, Minimal Action(OFF).",3872.573007453978,3851.7446052023765,3915.6769765713807,3936.3755566844343,3974.853983132839,3966.1916260975595
2016-05-29 08:00:00,113,22.2,39.73448068347808,0.36832943240895616,2209.976594453737,20.920529255963807,0.3243514972016419,1946.1089832098514,20.96560001674211,0.30731907038940187,1843.9144223364112,6000,3,"Rule: OK(Hot) - Temp(27.2)>ComfortHigh, Cooling(COOL_HIGH).",3863.7642231228942,3898.1907396075126,3941.5115821424124,3986.5432590612763,4033.6095709305996,4065.8754042255873
2016-05-29 09:00:00,114,22.8,21.06838626813718,0.36832943240895616,0.0,15.63759548168947,0.3243514972016419,0.0,12.823504282738796,0.30731907038940187,0.0,0,0,"Rule: OK(Cold) - Temp(16.5)<ComfortLow, No Cooling(OFF).",3886.406109821498,3955.004278786182,3985.1489290383456,4041.441418509781,4092.935772314071,4111.765014269352
2016-05-29 10:00:00,115,22.2,32.44784357230176,0.36832943240895616,0.0,18.472175749251743,0.3243514972016419,0.0,17.922157437276617,0.30731907038940187,0.0,0,0,"Rule: OK(Comfort) - Temp(22.9) in band, Minimal Action(OFF).",3919.230480224192,4011.0695795151587,4021.949479824006,4080.822310095727,4124.13937873125,4108.73331510365
2016-05-29 11:00:00,116,21.7,40.02750902628761,0.36832943240895616,2209.976594453737,20.259096477389832,0.3243514972016419,1946.1089832098514,20.247611327668395,0.30731907038940187,1843.9144223364112,6000,3,"Rule: OK(Hot) - Temp(26.8)>ComfortHigh, Cooling(COOL_HIGH).",3913.7155552688237,4006.4588808503745,4002.020775183737,4035.5357691723107,4053.515632174611,3981.94086297512
2016-05-29 12:00:00,117,23.9,21.109872111361117,0.36832943240895616,0.0,15.025404991043974,0.3243514972016419,0.0,12.211597865341854,0.30731907038940187,0.0,0,0,"Rule: OK(Cold) - Temp(16.1)<ComfortLow, No Cooling(OFF).",3923.5792702722547,4015.7366350772973,3986.5538259795303,3995.671315279603,3986.118821178078,3877.8174696207043
2016-05-29 13:00:00,118,25.6,32.82508197627135,0.36832943240895616,1104.9882972268686,18.38225947003683,0.3243514972016419,973.0544916049257,18.14333516946188,0.30731907038940187,921.9572111682056,3000,2,,3979.1036454239484,4064.6267467185853,4004.4939372417325,3972.1206736111635,3946.735413659215,3797.5393336793777
2016-05-29 14:00:00,119,27.8,29.396296921704195,0.36832943240895616,0.0,18.07220581182091,0.3243514972016419,0.0,17.522492285251182,0.30731907038940187,0.0,0,0,"Rule: OK(Comfort) - Temp(21.7) in band, Minimal Action(OFF).",4005.5657246646283,4070.0146170616144,3975.9069010588523,3890.4884625735876,3862.8446496415136,3638.3670764946933
2016-05-29 15:00:00,120,28.9,39.72016652615296,0.36832943240895616,2209.976594453737,21.689314001458985,0.3243514972016419,1946.1089832098514,22.76763027178252,0.30731907038940187,1843.9144223364112,6000,3,"Rule: OK(Hot) - Temp(28.1)>ComfortHigh, Cooling(COOL_HIGH).",4019.5787162357565,4055.9447654065484,3921.413303623497,3784.7981461980935,3751.392846884727,3374.4653377157447
2016-05-29 16:00:00,121,30.6,23.183800993077384,0.36832943240895616,0.0,18.21559525716867,0.3243514972016419,0.0,17.00908828709195,0.30731907038940187,0.0,0,0,"Rule: OK(Cold) - Temp(19.5)<ComfortLow, No Cooling(OFF).",4028.769419183731,4015.188161701262,3826.9571309116477,3660.3180880141254,3486.6060029053683,2732.955278320312
2016-05-29 17:00:00,122,30.6,36.36636508675479,0.36832943240895616,2209.976594453737,22.643056728225844,0.3243514972016419,1946.1089832098514,23.86666508685353,0.30731907038940187,1843.9144223364112,6000,3,"Rule: OK(Hot) - Temp(27.6)>ComfortHigh, Cooling(COOL_HIGH).",4042.6722128930683,3910.478555977046,3669.0871206051106,3513.686750050485,2689.6374549049137,1486.6778438580034
2016-05-29 18:00:00,123,32.8,21.433026555175413,0.36832943240895616,0.0,19.396970908561364,0.3243514972016419,0.0,18.400577505585527,0.30731907038940187,0.0,0,0,"Rule: OK(Cold) - Temp(19.7)<ComfortLow, No Cooling(OFF).",4045.2077700874206,3814.7835378965733,3591.605444101691,2847.4428057354685,1453.2624808129667,1065.6040145638583
2016-05-29 19:00:00,124,32.8,35.8687459571334,0.3690114352040209,2214.0686112241256,24.13514618822771,0.334563594614144,2007.381567684864,25.651608941648725,0.29642497018183517,1778.549821091011,6000,3,"Rule: OK(Hot) - Temp(28.6)>ComfortHigh, Cooling(COOL_HIGH).",3880.471778848767,3634.4867531558866,2748.275548635423,1418.1382961302995,1087.488605454266,1473.3934664598105
2016-05-29 20:00:00,125,32.8,21.746754123559285,0.3690114352040209,0.0,20.905917929398758,0.334563594614144,0.0,20.70606511758421,0.29642497018183517,0.0,0,0,"Rule: OK(Comfort) - Temp(21.1) in band, Minimal Action(OFF).",3603.1925731536744,2623.234689004123,1280.2107022984326,1024.8265286153553,1365.1791661813854,1554.542240987271
2016-05-29 21:00:00,126,31.1,36.0829615503707,0.3690114352040209,2214.0686112241256,25.18381491660638,0.334563594614144,2007.381567684864,26.83515135436793,0.29642497018183517,1778.549821091011,6000,3,"Rule: OK(Hot) - Temp(29.4)>ComfortHigh, Cooling(COOL_HIGH).",2565.736816071868,1046.7622558423132,1048.216527967006,1258.3320238503813,1439.0068275119363,1596.082306203097
2016-05-29 22:00:00,127,27.8,21.35379523251177,0.3690114352040209,0.0,21.11615261644791,0.334563594614144,0.0,20.48635706388064,0.29642497018183517,0.0,0,0,,962.4261087998747,939.969520560652,1225.7265396115183,1296.0157928867636,1358.5310650399326,1501.8828844454883
2016-05-29 23:00:00,128,27.2,34.22868460335831,0.3690114352040209,2214.0686112241256,23.80475727466883,0.334563594614144,2007.381567684864,24.28915641350467,0.29642497018183517,1778.549821091011,6000,3,"Rule: OK(Hot) - Temp(27.4)>ComfortHigh, Cooling(COOL_HIGH).",736.0480628254264,1183.4256562814116,1256.7867378523945,1346.2626213538645,1466.318411502242,1586.121601985693
2016-05-30 00:00:00,129,25.6,18.850630645008124,0.3690114352040209,0.0,18.96812493915953,0.334563594614144,0.0,17.28144751077115,0.29642497018183517,0.0,0,0,"Rule: OK(Cold) - Temp(18.4)<ComfortLow, No Cooling(OFF).",1025.9224689942598,1258.9511949414014,1442.2599287743865,1297.095002311766,1662.519162994921,3333.699676651954
2016-05-30 01:00:00,130,23.9,31.821681494593662,0.3690114352040209,2214.0686112241256,21.640876335720183,0.334563594614144,2007.381567684864,21.57327722557848,0.29642497018183517,1778.549821091011,6000,3,"Rule: OK(Hot) - Temp(25.0)>ComfortHigh, Cooling(COOL_HIGH).",1034.0318868725747,1378.3304507282376,1084.3468342234194,1544.2720770210026,3387.556743059158,4333.552551940679
2016-05-30 02:00:00,131,22.8,16.16037578089297,0.3690114352040209,0.0,16.457690453778003,0.334563594614144,0.0,14.281311084812222,0.29642497018183517,0.0,0,0,"Rule: OK(Cold) - Temp(15.6)<ComfortLow, No Cooling(OFF).",1077.043458353579,1315.06253724277,1474.1551651506124,3375.237729121446,4422.169747537374,4058.010094738602
2016-05-30 03:00:00,132,23.3,29.09661631625943,0.3690114352040209,0.0,19.042114878759786,0.334563594614144,0.0,18.670535425006804,0.29642497018183517,0.0,0,0,"Rule: OK(Comfort) - Temp(22.3) in band, Minimal Action(OFF).",1164.1475718936324,1441.6612625366447,3353.4975527805086,4409.305279343128,4036.183873491883,4271.002434116602
2016-05-30 04:00:00,133,22.8,38.08817686877559,0.3690114352040209,2214.0686112241256,20.990721543514674,0.334563594614144,2007.381567684864,21.167103064426755,0.29642497018183517,1778.549821091011,6000,3,"Rule: OK(Hot) - Temp(26.7)>ComfortHigh, Cooling(COOL_HIGH).",1423.3843936534224,3438.6913184562322,4213.575007306039,4151.728595919013,4240.203892899155,4402.198775224089
2016-05-30 05:00:00,134,22.8,20.090275399817706,0.3690114352040209,0.0,15.670318130900355,0.334563594614144,0.0,13.537492702550573,0.29642497018183517,0.0,0,0,"Rule: OK(Cold) - Temp(16.4)<ComfortLow, No Cooling(OFF).",3312.089070856273,4099.725520478784,4045.1604705485697,4236.186451216339,4363.531905400157,4371.891847298741
2016-05-30 06:00:00,135,22.8,31.77998195915677,0.3690114352040209,0.0,18.494916918069,0.334563594614144,0.0,18.288689693897602,0.29642497018183517,0.0,0,0,"Rule: OK(Comfort) - Temp(22.9) in band, Minimal Action(OFF).",3930.0429535308476,4041.761193583607,4162.214249539673,4358.1372420382495,4396.1997847753755,4332.879288291931
2016-05-30 07:00:00,136,22.2,39.76180337918191,0.3690114352040209,2214.0686112241256,20.457920507602754,0.334563594614144,2007.381567684864,20.72775860113331,0.29642497018183517,1778.549821091011,6000,3,"Rule: OK(Hot) - Temp(27.0)>ComfortHigh, Cooling(COOL_HIGH).",4145.265919033586,4197.153513152897,4343.813532751798,4459.127292537093,4485.621575719118,4437.590403575897
2016-05-30 08:00:00,137,21.7,21.04272504342315,0.3690114352040209,0.0,15.117019208701947,0.334563594614144,0.0,13.019966640185629,0.29642497018183517,0.0,0,0,"Rule: OK(Cold) - Temp(16.4)<ComfortLow, No Cooling(OFF).",4184.481262233555,4264.2300458890195,4389.454568623304,4476.4047070688,4507.237464973926,4454.683148631453
2016-05-30 09:00:00,138,21.7,32.081410339389706,0.3690114352040209,0.0,17.774856250692675,0.334563594614144,0.0,17.487707830411036,0.29642497018183517,0.0,0,0,"Rule: OK(Comfort) - Temp(22.4) in band, Minimal Action(OFF).",4225.028288726806,4318.25819573462,4404.5959561079735,4477.174582541585,4491.277392917871,4415.331945053935
2016-05-30 10:00:00,139,21.7,39.61870944069787,0.3690114352040209,2214.0686112241256,19.621965892431707,0.334563594614144,2007.381567684864,19.781262200499476,0.29642497018183517,1778.549821091011,6000,3,"Rule: OK(Hot) - Temp(26.3)>ComfortHigh, Cooling(COOL_HIGH).",4273.13997072339,4383.433941151499,4430.386784446239,4485.601951442361,4465.114709694385,4371.5059031891815
2016-05-30 11:00:00,140,21.7,20.78642324339798,0.3690114352040209,0.0,14.383541761038572,0.334563594614144,0.0,12.290753772362633,0.29642497018183517,0.0,0,0,"Rule: OK(Cold) - Temp(15.8)<ComfortLow, No Cooling(OFF).",4378.460444959997,4474.698401364088,4485.03989202857,4491.245188976526,4431.658840129375,4286.809537451267
2016-05-30 12:00:00,141,23.9,31.906405501839057,0.3690114352040209,0.0,17.26511346203683,0.334563594614144,0.0,17.11335996904,0.29642497018183517,0.0,0,0,"Rule: OK(Comfort) - Temp(22.1) in band, Minimal Action(OFF).",4417.021645601391,4494.852533593774,4476.902861786484,4440.031864879131,4359.209532647728,4194.5228536942595
2016-05-30 13:00:00,142,25.6,40.197037896694894,0.3690114352040209,2214.0686112241256,19.938783457811816,0.334563594614144,2007.381567684864,20.659698005936658,0.29642497018183517,1778.549821091011,6000,3,"Rule: OK(Hot) - Temp(26.9)>ComfortHigh, Cooling(COOL_HIGH).",4409.219737623929,4470.887266180515,4412.43711263895,4322.632899891733,4231.900811084509,4028.3832234808797
2016-05-30 14:00:00,143,28.3,22.4183604014758,0.3690114352040209,0.0,15.79334739677498,0.334563594614144,0.0,14.639607126244425,0.29642497018183517,0.0,0,0,"Rule: OK(Cold) - Temp(17.6)<ComfortLow, No Cooling(OFF).",4384.184192347526,4428.262833877206,4324.166612598299,4182.83760325849,4093.716717891693,3824.542590090632
2016-05-30 15:00:00,144,29.4,35.11417403679812,0.3690114352040209,2214.0686112241256,20.258098471550326,0.334563594614144,2007.381567684864,21.530996319725904,0.29642497018183517,1778.549821091011,6000,3,"Rule: OK(Hot) - Temp(25.6)>ComfortHigh, Cooling(COOL_HIGH).",4285.320608350634,4302.599029255509,4143.001579407751,3968.6836576524374,3876.5076749438044,3451.476031576991
2016-05-30 16:00:00,145,29.4,20.153072734229163,0.3690114352040209,0.0,17.174385400081462,0.334563594614144,0.0,16.93613226834757,0.29642497018183517,0.0,0,0,"Rule: OK(Cold) - Temp(18.1)<ComfortLow, No Cooling(OFF).",4253.196170485616,4200.4461145621535,3979.940947898924,3793.8653168398137,3567.1319582390784,2750.3584894979
2016-05-30 17:00:00,146,30.6,33.916329770937054,0.3690114352040209,2214.0686112241256,21.553410673691083,0.334563594614144,2007.381567684864,23.245243061366928,0.29642497018183517,1778.549821091011,6000,3,"Rule: OK(Hot) - Temp(26.2)>ComfortHigh, Cooling(COOL_HIGH).",4238.455319521427,4036.3718136808275,3736.3918484568594,3587.629515312016,2682.5671802198885,1435.3896707563101
2016-05-30 18:00:00,147,30.6,19.715806253160498,0.3690114352040209,0.0,18.44062425700465,0.334563594614144,0.0,18.400125371657793,0.29642497018183517,0.0,0,0,"Rule: OK(Cold) - Temp(18.9)<ComfortLow, No Cooling(OFF).",4030.4296833160515,3768.8257460707423,3482.220983423292,2706.053414005637,1325.8626824781297,990.5570692431181
2016-05-30 19:00:00,148,32.2,33.998391642845846,0.3690114352040209,2214.0686112241256,22.79944450847764,0.334563594614144,2007.381567684864,24.580766250824517,0.29642497018183517,1778.549821091011,6000,3,"Rule: OK(Hot) - Temp(27.1)>ComfortHigh, Cooling(COOL_HIGH).",3779.101570886075,3484.3570104703304,2456.735531976819,1306.9224878811835,1033.1194209016858,1354.520919562578
2016-05-30 20:00:00,149,30.0,20.279346440968574,0.3690114352040209,0.0,19.794629372335034,0.334563594614144,0.0,19.864353866823606,0.29642497018183517,0.0,0,0,"Rule: OK(Cold) - Temp(20.0)<ComfortLow, No Cooling(OFF).",3537.3485959538816,2441.308586106002,1158.55125650838,1063.534282349199,1330.4119923797248,1438.1527940830588
2016-05-30 21:00:00,150,28.3,34.19286581950402,0.3690114352040209,2214.0686112241256,23.55741402711705,0.334563594614144,2007.381567684864,25.040456166683263,0.29642497018183517,1778.549821091011,6000,3,"Rule: OK(Hot) - Temp(27.6)>ComfortHigh, Cooling(COOL_HIGH).",2435.9209673562646,1012.614945013225,1104.681107250005,1258.6486540080605,1418.8316872423886,1520.8395584030447
2016-05-30 22:00:00,151,28.3,19.17508485588032,0.3690114352040209,0.0,19.13176553714712,0.334563594614144,0.0,18.202439161608517,0.29642497018183517,0.0,0,0,"Rule: OK(Cold) - Temp(18.8)<ComfortLow, No Cooling(OFF).",1001.1055582883953,1079.174076144844,1254.0173246933518,1351.219763981402,1411.0197155332564,1478.2873333744703
2016-05-30 23:00:00,152,27.8,32.89964058469909,0.3690114352040209,2214.0686112241256,22.578189672709595,0.334563594614144,2007.381567684864,23.360007588883178,0.29642497018183517,1778.549821091011,6000,3,"Rule: OK(Hot) - Temp(26.3)>ComfortHigh, Cooling(COOL_HIGH).",786.2933817327767,1206.2076804435253,1229.696555958837,1357.064024555683,1408.3124459172784,1795.4740154151616
2016-05-31 00:00:00,153,26.7,18.133464573289718,0.3690114352040209,0.0,18.298720315940038,0.334563594614144,0.0,17.096445466136316,0.29642497018183517,0.0,0,0,"Rule: OK(Cold) - Temp(17.8)<ComfortLow, No Cooling(OFF).",1051.3949689201265,1288.118405255079,1397.815470598489,1260.3259006875753,1952.7417113812267,3641.7177959543465
2016-05-31 01:00:00,154,26.1,31.68090654431082,0.3690114352040209,2214.0686112241256,21.511198109383784,0.334563594614144,2007.381567684864,22.013610085169184,0.29642497018183517,1778.549821091011,6000,3,"Rule: OK(Hot) - Temp(25.1)>ComfortHigh, Cooling(COOL_HIGH).",1078.5243364688754,1395.1061882361769,1159.552472012937,1886.0112452179192,3688.743098117113,4354.260189412235
2016-05-31 02:00:00,155,25.6,16.76207666681476,0.3690114352040209,0.0,17.03864043452161,0.334563594614144,0.0,15.577970428326445,0.29642497018183517,0.0,0,0,"Rule: OK(Cold) - Temp(16.5)<ComfortLow, No Cooling(OFF).",1120.3824156054854,1252.4368156345188,1916.9379732175169,3614.7107656437156,4285.244123989939,4049.9206156286596
2016-05-31 03:00:00,156,22.8,30.39560079740933,0.3690114352040209,1107.0343056120628,20.299947837924346,0.334563594614144,1003.690783842432,20.698782231254636,0.29642497018183517,889.2749105455055,3000,2,,1115.1917944031952,1775.914020743966,3558.1626573878525,4254.3051937156915,3935.839914566278,4290.225671166777
2016-05-31 04:00:00,157,22.8,26.827131332905466,0.3690114352040209,0.0,18.451305443029977,0.334563594614144,0.0,17.63103847257459,0.29642497018183517,0.0,0,0,,1838.867442614734,3598.9663090386985,3983.253928364813,4038.323926031589,4132.189357694387,4286.017521768808
2016-05-31 05:00:00,158,22.8,36.37995893183654,0.3690114352040209,2214.0686112241256,20.42761196168276,0.334563594614144,2007.381567684864,20.390147542560936,0.29642497018183517,1778.549821091011,6000,3,"Rule: OK(Hot) - Temp(25.7)>ComfortHigh, Cooling(COOL_HIGH).",3414.8236692401765,3943.0211418929694,3931.7880046024916,4140.81800122857,4226.073910447359,4191.908799392879
2016-05-31 06:00:00,159,22.2,18.92389107272454,0.3690114352040209,0.0,15.27897542571392,0.334563594614144,0.0,13.138635728373474,0.29642497018183517,0.0,0,0,"Rule: OK(Cold) - Temp(15.8)<ComfortLow, No Cooling(OFF).",3760.3007589727636,3841.066734306812,3986.910082080662,4144.42132035315,4163.112689184546,4100.508981989324
2016-05-31 07:00:00,160,22.2,30.793250390574574,0.3690114352040209,0.0,18.039926899862557,0.334563594614144,0.0,17.7919482413932,0.29642497018183517,0.0,0,0,"Rule: OK(Comfort) - Temp(22.2) in band, Minimal Action(OFF).",3965.503770037889,4009.914514712691,4168.436654831468,4232.015034438968,4253.993218033909,4245.27651684761
2016-05-31 08:00:00,161,21.7,38.89774009391124,0.3690114352040209,2214.0686112241256,19.958697692692574,0.334563594614144,2007.381567684864,20.180767287799323,0.29642497018183517,1778.549821091011,6000,3,"Rule: OK(Hot) - Temp(26.3)>ComfortHigh, Cooling(COOL_HIGH).",4117.680224151909,4196.68353688389,4323.587444840669,4366.958102847338,4388.980063675045,4378.494661647677
2016-05-31 09:00:00,162,21.7,20.294139836098456,0.3690114352040209,0.0,14.617559326869518,0.334563594614144,0.0,12.495843234763408,0.29642497018183517,0.0,0,0,"Rule: OK(Cold) - Temp(15.8)<ComfortLow, No Cooling(OFF).",4222.32768633306,4308.347935972213,4394.398376806378,4418.4255361694095,4432.189701974988,4400.8733817631
2016-05-31 10:00:00,163,21.7,31.570270610414674,0.3690114352040209,0.0,17.427748001082488,0.334563594614144,0.0,17.218644454582158,0.29642497018183517,0.0,0,0,"Rule: OK(Comfort) - Temp(22.1) in band, Minimal Action(OFF).",4282.691961638331,4380.693587017655,4426.012080289125,4432.211338998079,4401.577339793444,4339.540975471138
2016-05-31 11:00:00,164,21.1,39.26969930800987,0.3690114352040209,2214.0686112241256,19.380737034359235,0.334563594614144,2007.381567684864,19.643136141896708,0.29642497018183517,1778.549821091011,6000,3,"Rule: OK(Hot) - Temp(26.1)>ComfortHigh, Cooling(COOL_HIGH).",4297.172161952257,4393.448360536694,4392.7479248124355,4373.634885624051,4305.997048254013,4213.051693259179
2016-05-31 12:00:00,165,22.8,20.35780105249445,0.3690114352040209,0.0,14.032875947056127,0.334563594614144,0.0,11.927860836451131,0.29642497018183517,0.0,0,0,"Rule: OK(Cold) - Temp(15.4)<ComfortLow, No Cooling(OFF).",4275.410348588228,4347.554221813678,4312.1721540069575,4241.440222334862,4156.830907875895,4013.07452645719
2016-05-31 13:00:00,166,25.0,31.96265052950129,0.3690114352040209,0.0,17.356948262434827,0.334563594614144,0.0,17.462370969616323,0.29642497018183517,0.0,0,0,"Rule: OK(Comfort) - Temp(22.3) in band, Minimal Action(OFF).",4313.376782687902,4366.5122795343395,4280.905146080255,4158.573443014621,4064.134378646612,3886.558826949596
2016-05-31 14:00:00,167,27.2,40.584353985155,0.3690114352040209,2214.0686112241256,20.33814168360589,0.334563594614144,2007.381567684864,21.374171175222987,0.29642497018183517,1778.549821091011,6000,3,"Rule: OK(Hot) - Temp(27.4)>ComfortHigh, Cooling(COOL_HIGH).",4415.832615704536,4448.918139944076,4296.952772601842,4126.128223702609,4035.6947761327024,3767.8173601573703
2016-05-31 15:00:00,168,29.4,23.1903305128114,0.3690114352040209,0.0,16.558940711047796,0.334563594614144,0.0,15.785014112473313,0.29642497018183517,0.0,0,0,"Rule: OK(Cold) - Temp(18.5)<ComfortLow, No Cooling(OFF).",4386.057555997967,4391.390830596685,4175.194450648129,3967.8274856805797,3877.371143121123,3395.4439411625262
